{"cameraMode":{"drawMode":0,"name":"Shaded","section":"Shading Mode"},"sceneLighting":true,"audioPlay":false,"sceneViewState":{"m_AlwaysRefresh":false,"showFog":true,"showSkybox":true,"showFlares":true,"showImageEffects":true,"showParticleSystems":true,"showVisualEffectGraphs":true,"m_FxEnabled":true},"in2DMode":false,"pivot":{"x":14.256086349487305,"y":6.101562023162842,"z":-12.23543643951416},"rotation":{"x":-0.017994485795497896,"y":0.02249446138739586,"z":0.00040494531276635826,"w":0.9995851516723633},"size":6.249398708343506,"orthographic":false}