{"cameraMode":{"drawMode":0,"name":"Shaded","section":"Shading Mode"},"sceneLighting":true,"audioPlay":false,"sceneViewState":{"m_AlwaysRefresh":false,"showFog":true,"showSkybox":true,"showFlares":true,"showImageEffects":true,"showParticleSystems":true,"showVisualEffectGraphs":true,"m_FxEnabled":true},"in2DMode":false,"pivot":{"x":14.339740753173829,"y":4.851489543914795,"z":-20.378829956054689},"rotation":{"x":0.03295835852622986,"y":0.0464579313993454,"z":-0.0015336733777076007,"w":0.9983749985694885},"size":4.492281913757324,"orthographic":false}